{
  "name": "intro-hub-frontend",
  "version": "0.1.0",
  "private": true,
  "dependencies": {
    "@testing-library/jest-dom": "^5.17.0",
    "@testing-library/react": "^13.4.0",
    "@testing-library/user-event": "^13.5.0",
    "axios": "^1.6.2",
    "formik": "^2.4.5",
    "jwt-decode": "^4.0.0",
    "react": "^18.2.0",
    "react-dom": "^18.2.0",
    "react-csv": "^2.2.2",
    "react-icons": "^4.12.0",
    "react-router-dom": "^6.18.0",
    "react-scripts": "5.0.1",
    "react-toastify": "^9.1.3",
    "tailwindcss": "^3.3.5",
    "yup": "^1.3.2"
  },
  "scripts": {
    "start": "react-scripts start",
    "build": "react-scripts build",
    "test": "react-scripts test",
    "eject": "react-scripts eject"
  },
  "eslintConfig": {
    "extends": [
      "react-app",
      "react-app/jest"
    ]
  },
  "browserslist": {
    "production": [
      ">0.2%",
      "not dead",
      "not op_mini all"
    ],
    "development": [
      "last 1 chrome version",
      "last 1 firefox version",
      "last 1 safari version"
    ]
  },
  "devDependencies": {
    "autoprefixer": "^10.4.16",
    "postcss": "^8.4.31"
  }
}
