{
  "name": "intro-hub-frontend",
  "version": "1.0.0",
  "private": true,
  "dependencies": {
    "@emotion/react": "^11.11.0",
    "@emotion/styled": "^11.11.0",
    "@mui/icons-material": "^5.11.16",
    "@mui/material": "^5.13.0",
    "@testing-library/jest-dom": "^5.16.5",
    "@testing-library/react": "^14.0.0",
    "@testing-library/user-event": "^14.4.3",
    "axios": "^1.4.0",
    "date-fns": "^2.30.0",
    "formik": "^2.2.9",
    "notistack": "^3.0.1",
    "prop-types": "^15.8.1",
    "react": "^18.2.0",
    "react-dom": "^18.2.0",
    "react-dropzone": "^14.2.3",
    "react-router-dom": "^6.11.1",
    "react-scripts": "5.0.1",
    "web-vitals": "^3.3.1",
    "yup": "^1.1.1"
  },
  "scripts": {
    "start": "react-scripts start",
    "build": "react-scripts build",
    "test": "react-scripts test",
    "eject": "react-scripts eject",
    "lint": "eslint src",
    "lint:fix": "eslint src --fix",
    "format": "prettier --write \"src/**/*.{js,jsx,json,css,scss,md}\""
  },
  "eslintConfig": {
    "extends": [
      "react-app",
      "react-app/jest"
    ]
  },
  "browserslist": {
    "production": [
      ">0.2%",
      "not dead",
      "not op_mini all"
    ],
    "development": [
      "last 1 chrome version",
      "last 1 firefox version",
      "last 1 safari version"
    ]
  },
  "devDependencies": {
    "eslint": "^8.40.0",
    "eslint-config-prettier": "^8.8.0",
    "eslint-plugin-prettier": "^4.2.1",
    "eslint-plugin-react": "^7.32.2",
    "eslint-plugin-react-hooks": "^4.6.0",
    "husky": "^8.0.3",
    "lint-staged": "^13.2.2",
    "prettier": "^2.8.8"
  },
  "husky": {
    "hooks": {
      "pre-commit": "lint-staged"
    }
  },
  "lint-staged": {
    "src/**/*.{js,jsx}": [
      "eslint --fix",
      "prettier --write"
    ]
  }
}
